1;fly
13;unitdan
14;sobl
15;dd_fyzd
16;dd_zdEX
17;dd_cds
18;dd_fyGD
19;dd_flfy
20;dd_bsfy
21;dd_fy
22;dd_lcdb
23;dd_fyXX
24;dd_fyX
25;dd_lcgd
26;ob_ms
27;dd_fj
28;dd_fd
29;dd_fygsX
30;dd_gsX
31;dd_fygj
32;dd_fygs
33;bo_beam
34;dd_beamEX
35;dd_beam
36;dd_sbeamB
37;dd_tjSsbeam
38;dd_fySsbeam
39;dd_Ssbeam
40;dd_sniperbeam
41;ob_bsbs
42;ob_lbeamswd
43;ob_sbeamswd
44;ob_beamswd
45;dd_mSsbeam
46;dd_msbeam
47;dd_qishe
48;dd_sbeam
49;dd_sbeams
50;dd_hd
51;dd_szd
52;dd_zd
53;dd_Ccannon
54;dd_cartridge
55;ctrline
56;slineteam
57;wjline2
58;wjline3
59;wjline
60;wp_sniperbeamEX
61;wp_sniperbeam
62;wp_msbeamXX
63;wp_beamXX
64;wp_beamX2
65;wp_beamX
66;wp_beams
67;wp_tuji
68;wp_lgj
69;wp_sgj
70;wp_gj
71;wp_lcdb
72;wp_axe
73;wp_lcgd
74;wp_fyzd
75;wp_fyXX
76;wp_fyX
77;wp_fyGD
78;wp_fyEX
79;wp_qishe
80;wp_bsfy
81;wp_fy
82;wp_zds
83;wp_szd
84;wp_zdXX
85;wp_zd
86;wp_hphl
87;wp_hl
88;wp_hd
89;wp_fds
90;wp_baojia
91;wp_fj
92;wp_fd
93;wp_sbeamB
94;wp_SsbeamEX
95;wp_Ssbeam
96;wp_sbeamsEX
97;wp_sbeams
98;wp_msbeam
99;wp_sbeam
100;wp_beam
101;wp_cartridgeX
102;wp_cartridgeX2
103;wp_Ccannon
104;wp_szds
105;wp_cartridge
106;weapon
107;line
110;zmd
113;earth
116;sun
118;star
143;ob_skill
144;ob_fyEX
145;ob_tuji
146;bo_jy
150;bo_0
156;bo_6
160;bo_5
165;bo_4
168;hd_r
171;bo_8
174;bo_3
182;dd_hlgj
186;dd_hphl
190;dd_bomb
191;dd_hl
203;tx_axe
215;tx_dbs
216;tx_null
218;tx_bs2
219;tx_hl
220;tx_bs1
221;bo_9
222;bo_2
223;bo_7
224;bo_1
269;hddan
272;h_yr
274;i_f
275;liz
276;unit_craft
277;unit_ms
278;ob_axe
279;ob_pd
280;ob_fif
281;splane
282;sobj
284;obj
285;hd_x
296;tracer
297;AIfy
328;des_key
331;daginfo
369;fodan
379;sysdown
420;tgtdan
425;timeover
430;rada_tgt
435;hxxx
1115;__Packages.clazz.Array_phix
1116;__Packages.clazz.Math_phix
1117;__Packages.clazz.sobj_phix
1118;__Packages.clazz.line_phix
1119;__Packages.clazz.slteam_phix
1120;__Packages.clazz.sline_phix
1121;__Packages.clazz.weapon_phix
1122;__Packages.clazz.wp_sniperbeamEX
1123;__Packages.clazz.wp_sniperbeam
1124;__Packages.clazz.wp_msbeamXX
1125;__Packages.clazz.wp_beamXX
1126;__Packages.clazz.wp_beamX2
1127;__Packages.clazz.wp_beamX
1128;__Packages.clazz.wp_beams
1129;__Packages.clazz.wp_tuji
1130;__Packages.clazz.wp_lgj
1131;__Packages.clazz.wp_sgj
1132;__Packages.clazz.wp_gj
1133;__Packages.clazz.wp_lcdb
1134;__Packages.clazz.wp_axe
1135;__Packages.clazz.wp_lcgd
1136;__Packages.clazz.wp_fyzd
1137;__Packages.clazz.wp_fyXX
1138;__Packages.clazz.wp_fyX
1139;__Packages.clazz.wp_fyGD
1140;__Packages.clazz.wp_fyEX
1141;__Packages.clazz.wp_qishe
1142;__Packages.clazz.wp_bsfy
1143;__Packages.clazz.wp_fy
1144;__Packages.clazz.wp_zds
1145;__Packages.clazz.wp_szd
1146;__Packages.clazz.wp_zdXX
1147;__Packages.clazz.wp_zd
1148;__Packages.clazz.wp_hphl
1149;__Packages.clazz.wp_hl
1150;__Packages.clazz.wp_hd
1151;__Packages.clazz.wp_fds
1152;__Packages.clazz.wp_baojia
1153;__Packages.clazz.wp_fj
1154;__Packages.clazz.wp_fd
1155;__Packages.clazz.wp_sbeamB
1156;__Packages.clazz.wp_SsbeamEX
1157;__Packages.clazz.wp_Ssbeam
1158;__Packages.clazz.wp_sbeamsEX
1159;__Packages.clazz.wp_sbeams
1160;__Packages.clazz.wp_msbeam
1161;__Packages.clazz.wp_sbeam
1162;__Packages.clazz.wp_beam
1163;__Packages.clazz.wp_cartridgeX
1164;__Packages.clazz.wp_cartridgeX2
1165;__Packages.clazz.wp_Ccannon
1166;__Packages.clazz.wp_szds
1167;__Packages.clazz.wp_cartridge
1168;__Packages.clazz.bj_phix
1169;__Packages.clazz.obj_phix
1170;__Packages.clazz.splane_phix
1171;__Packages.clazz.unit_phix
1172;__Packages.clazz.unit_craft_phix
1173;__Packages.clazz.unit_ms_phix
1174;__Packages.clazz.sobl_phix
1175;__Packages.clazz.AI_phix
1176;__Packages.clazz.AIcraft_phix
1177;__Packages.clazz.battle_phix
446;ambac
477;mainBJ_1
478;mainBJ_2
481;mainBJ_3
482;mainBJ_0
483;snd_gjk2
484;snd_launch4
485;snd_beam6
486;snd_axe1
487;snd_bs1
488;snd_beam5
489;snd_hphf
490;snd_launch3
491;snd_launch2
492;snd_launch1
493;snd_launch0
494;snd_jiqi
495;gppp
496;snd_beam4
497;snd_beam3
498;snd_beam2
499;snd_beam1
500;dii
501;s_wlp
502;if
503;boom
504;sgsp
505;pow
506;minigun2
507;minigun1
508;gpxn3
509;gpxn2
510;gsqs
511;gpxn1
512;gjk
513;hjf
514;fyp
515;dj
516;dangX3
517;rush
518;warning
519;zdfs
520;snd_hxb
521;sniperf
522;sniper
523;nt
524;bit_n11
525;bit
526;du
527;msdie
528;minigun
529;machine1
530;lost
531;loop3
532;loop2
533;loop1
534;lockon
535;lockff
536;bcarnon
537;gsq
538;gsp
539;hjd
540;fdfs
541;hwq
542;carnon
543;bthit
544;bo4
545;bo3
546;bo2
547;bo1
548;bo0
